id;title;cinematografia_num;narrativa_impact_num;reconhe_buzz_num;marketing_num;elegibilidade_num;atuacao_num;genero;cinematografia;narrativa_impact;reconhe_buzz;marketing_visbilidade;elegibilidade_Timing;atuacao;;;;
;O Pagador de Promessas;9.5;9.5;10;8.5;9.0;9.5;Drama;O filme é um exemplo de alta qualidade técnica e artística. O roteiro de Dias Gomes é universal, a direção de Anselmo Duarte é sensível e a atuação de Leonardo Villar é icônica. A cinematografia em preto e branco de Affonso Beato e a edição eficaz contribuem para uma obra coesa e impactante, validando-o como artisticamente notável.;história de Zé do Burro ressoou profundamente, abordando temas universais como fé popular, dignidade, fanatismo e intolerância institucional. Sua originalidade e profundidade emocional o tornaram um filme com forte relevância social, conectando-se com a experiência humana de fé e sacrifício.;história de Zé do Burro ressoou profundamente, abordando temas universais como fé popular, dignidade, fanatismo e intolerância institucional. Sua originalidade e profundidade emocional o tornaram um filme com forte relevância social, conectando-se com a experiência humana de fé e sacrifício.;"Impulsionada pela Palma de Ouro, a campanha de marketing foi estratégica ao capitalizar o sucesso de Cannes para garantir visibilidade junto aos votantes da Academia. Embora com recursos limitados, o prêmio em si atuou como um poderoso material de ""For Your Consideration"", elevando o perfil do filme.";O filme cumpriu todas as regras de elegibilidade para o Oscar, com seu lançamento em 1962 e indicação em 1963. Seu timing foi favorável, alinhado com o crescente interesse da Academia por filmes de autor internacionais e temáticas sociais relevantes da década de 1960.;A atuação de Leonardo Villar como Zé do Burro é extraordinária e central. Ele transmite com maestria a pureza, a teimosia e a devoção do personagem, sustentando a complexidade emocional da trama. O elenco de apoio também entrega performances autênticas que enriquecem o realismo e o drama da história.;;;;
;Divorzio all'italiana (Divórcio à Italiana);9.0;9.0;9.5;9.0;9.5;9.5;Comédia;Comédia de humor negro aclamada, com direção afiada de Pietro Germi. O roteiro satírico é brilhante, explorando costumes sociais e a hipocrisia. A atuação de Marcello Mastroianni é icônica e a cinematografia em preto e branco reforça o tom.;Narrativa astuta que critica a moralidade italiana da época e a ausência do divórcio. Embora com humor, toca em temas sérios como feminicídio e a liberdade individual, ressoando com o público por sua originalidade e perspicácia.;Teve grande sucesso de crítica e público. Mastroianni ganhou o prêmio de Melhor Ator em Cannes, e o filme foi muito elogiado, gerando um buzz significativo antes do Oscar. Foi um dos filmes italianos mais comentados da época.;"Distribuído pela Vides Cinematografica na Itália e pela Embassy Pictures nos EUA, contou com Marcello Mastroianni como um forte ""rosto"" para a campanha. A aclamação da crítica e os prêmios prévios foram bem explorados para visibilidade e FYC.";"Lançado em 1961, cumpriu os critérios de elegibilidade. Seu timing foi excelente, capitalizando a ""commedia all'italiana"" que estava em alta e o crescente interesse por filmes europeus com crítica social inteligente, sendo um forte candidato.";Marcello Mastroianni entrega uma performance memorável, cheia de nuances cômicas e dramáticas, que lhe rendeu uma indicação ao Oscar de Melhor Ator (além de ter vencido em Cannes). Daniela Rocca e Stefania Sandrelli também brilham em seus papéis, complementando o tom satírico.;;;;
;Les dimanches de Ville d'Avray (Sinfonia de um Amor);8.5;8.8;9.0;8.5;9.0;9.0;Drama;O filme é artisticamente ambicioso, com uma cinematografia poética e visualmente impactante, em preto e branco. A direção de Serge Bourguignon é sensível, explorando a complexidade psicológica dos personagens. A edição e o design de som são elogiados por criar uma atmosfera etérea.;A narrativa explora temas delicados como trauma, inocência, a solidão e a natureza da pureza versus a percepção social. A relação entre Pierre e Françoise é profundamente emocional e provocadora, gerando discussões sobre as convenções morais e a incompreensão.;"O filme ganhou o Oscar, o que por si só gerou um enorme buzz e reconhecimento internacional, superando adversários fortes. Antes disso, pode não ter tido o mesmo ""buzz"" de Cannes que ""O Pagador de Promessas"" ou ""Divórcio à Italiana"", mas sua vitória no Oscar cimentou seu status.";A campanha focou na sua profundidade emocional e na beleza visual. Sua temática sensível exigia uma abordagem cuidadosa, e a qualidade artística foi o principal argumento de FYC, culminando na vitória.;umpriu os requisitos de elegibilidade. O timing foi favorável para filmes com narrativas emocionais e temas psicológicos complexos, que atraíam a Academia na época.;Hardy Krüger entrega uma performance contida e expressiva, transmitindo o sofrimento e a gentileza de Pierre. Patricia Gozzi é reveladora como Françoise, com uma atuação cheia de inocência e sabedoria que é central para a emoção do filme. A química entre os dois é convincente e delicada.;;;;
;Elektra (Electra);8.5;8.8; 8.0;7.5;8.5;9.0;Drama;O filme é uma adaptação cinematográfica poderosa de uma tragédia clássica. A direção de Michael Cacoyannis é grandiosa e estilizada, com uma cinematografia em preto e branco que realça o drama e o desespero. O design de produção e o uso da paisagem grega contribuem para uma estética imponente e autêntica.;A narrativa se baseia em uma das mais impactantes histórias da mitologia grega, explorando temas universais de vingança, justiça, culpa e o destino trágico. A intensidade emocional e a relevância duradoura da tragédia grega ressoam profundamente.;"Obteve sucesso em festivais, sendo exibido em Cannes. Aclamado pela crítica por sua fidelidade à tragédia original e pela atuação intensa, gerou um ""buzz"" significativo no circuito de filmes de arte e entre os apreciadores de dramas clássicos.";A campanha de visibilidade provavelmente focou na sua grandiosidade estética e na força da história clássica, além da atuação de Irene Papas. Direcionado a um público que valoriza adaptações literárias e dramas intensos.;Atendeu aos critérios de elegibilidade. O timing foi favorável para obras que reinterpretavam clássicos com uma visão moderna e impactante, o que era apreciado na época.;Irene Papas entrega uma performance monumental como Elektra, expressando a dor, a fúria e a determinação da personagem com uma intensidade visceral. É uma atuação marcante que carrega grande parte do peso dramático do filme, sendo amplamente elogiada.;;;;
;Tlayucan;8.0;8.5;7.0;7.0;8.0;8.0;Drama;O filme apresenta uma cinematografia que captura a autenticidade da vida rural mexicana, com paisagens que complementam a narrativa. A direção de Luis Alcoriza é eficaz em construir um drama humanista com toques de comédia. A edição contribui para um ritmo envolvente, e a produção é realista para o contexto.;A narrativa é uma fábula moral sobre fé, pobreza, sacrifício e a comunidade. Explora a hipocrisia e a compaixão humana em face do desespero, ressoando por sua universalidade e a representação honesta do cotidiano. É uma história que inspira reflexão sobre julgamento e perdão.;"Recebeu aclamação no México e participou de alguns festivais, mas provavelmente não teve o mesmo ""buzz"" internacional de Cannes ou Veneza que alguns de seus concorrentes. Sua indicação ao Oscar já foi um reconhecimento significativo.";A campanha de marketing, para um filme mexicano da época, provavelmente se baseou na sua temática humanista e no apelo de sua história de superação. A indicação ao Oscar foi a principal ferramenta de visibilidade para o público internacional.;Cumpriu os requisitos de elegibilidade. O timing foi favorável para filmes que abordavam realidades sociais e culturais específicas, com uma sensibilidade universal, algo valorizado na categoria de Filme Estrangeiro.;O elenco entrega atuações convincentes, com destaque para a figura central de Eufemio, que transmite o desespero e a ingenuidade de seu personagem. As performances coletivas do elenco refletem bem a dinâmica e os valores da comunidade rural.;;;;
;;;;;;;;;;;;;;;;;;
67617;O Quatrilho;9;8.5;9.5;7.5;9;9;Drama e Romance;O filme é reconhecido pela alta qualidade de sua produção, incluindo direção de Fábio Barreto, atuações elogiadas (especialmente Glória Pires e Patrícia Pillar), além de um design de produção e figurinos que recriam com esmero a época e o ambiente dos imigrantes italianos no sul do Brasil. A cinematografia e a trilha sonora também são pontos altos, contribuindo para a aclamação técnica e artística que levou à indicação ao Oscar.;Baseado na obra de José Clemente Pozenato, o filme apresenta uma narrativa envolvente sobre amor, traição, tradições e as complexas relações humanas em uma comunidade de imigrantes. Os temas de escolhas difíceis, a busca pela felicidade e a adaptação cultural ressoam com profundidade emocional, conectando-se com a experiência humana e a história da imigração no Brasil.;"O maior reconhecimento foi, sem dúvida, sua indicação ao Oscar de Melhor Filme Estrangeiro em 1996, um feito raro para o cinema brasileiro. Essa indicação gerou um ""buzz"" significativo tanto nacional quanto internacionalmente, colocando o filme em destaque e atraindo a atenção da crítica e do público.";"A família Barreto, produtora do filme, investiu ativamente na promoção de ""O Quatrilho"" nos Estados Unidos, incluindo exibições e material de divulgação para os membros da Academia. Embora modesta para os padrões de grandes estúdios, essa campanha foi crucial e bem-sucedida, culminando na importante indicação ao Oscar.";O filme cumpriu todas as regras de elegibilidade da Academia para ser indicado em 1996. Lançado no Brasil em 1995, sua campanha e exibição nos EUA foram programadas para coincidir com a temporada de premiações, garantindo que estivesse fresco na memória dos votantes, o que se provou eficaz para a nomeação.;"As atuações em ""O Quatrilho"" são consistentemente apontadas como um dos maiores trunfos do filme. Glória Pires (Pierina) e Patrícia Pillar (Teresa) entregam performances memoráveis e intensas, transmitindo com profundidade as complexidades emocionais de suas personagens, seus dilemas e transformações. Bruno Campos (Massimo) e Alexandre Paternost (Angelo) também complementam o quarteto principal com solidez.";;;;
880;A Excêntrica Família de Antônia;9;9.5;9.0;7.5;9.5;9.0;Comédia Dramática;A cinematografia de Willy Stassen é excelente, misturando realismo bucólico com toques de realismo mágico. Destaca-se pela beleza visual, composições pictóricas, uso magistral da luz natural e a forma respeitosa e íntima como retrata as personagens femininas, aprofundando a emoção do filme.;A narrativa é uma saga familiar cativante e rica em detalhes, contada de forma não linear por gerações de mulheres. O roteiro de Marleen Gorris transita entre comédia e drama, abordando temas como independência, amor, morte e liberdade com franqueza e humanidade.;O filme obteve imenso reconhecimento, impulsionado pela vitória do Oscar de Melhor Filme Estrangeiro. Isso gerou um grande buzz global e ampliou significativamente sua visibilidade e o alcance de seu marketing, que se beneficiou do prestígio dos prêmios e do boca a boca positivo.;Altamente elegível para prêmios e festivais, o filme foi a escolha da Holanda para o Oscar, onde venceu. Seu sucesso também se deveu ao timing perfeito, pois ressoou com o crescente interesse por narrativas femininas fortes e diversas no cinema global dos anos 90.;Altamente elegível para prêmios e festivais, o filme foi a escolha da Holanda para o Oscar, onde venceu. Seu sucesso também se deveu ao timing perfeito, pois ressoou com o crescente interesse por narrativas femininas fortes e diversas no cinema global dos anos 90.;As atuações são excelentes, com Willeke van Ammelrooy entregando uma performance magnética como Antônia. O elenco de apoio também é notável, construindo personagens vibrantes e críveis com uma química forte, o que adiciona autenticidade e profundidade às relações.;;;;
27098;All Things Fair;8.5;9;9;7.5;9;9;Drama;Dirigido pelo renomado Bo Widerberg, o filme é elogiado por sua bela cinematografia, que captura tanto a intimidade dos personagens quanto o ambiente da Suécia durante a Segunda Guerra Mundial. A direção de Widerberg é sensível ao explorar um tema delicado. A reconstituição de época e os aspectos técnicos são considerados competentes, contribuindo para a indicação ao Oscar de Melhor Filme Estrangeiro.;O filme aborda a controversa e complexa relação amorosa entre um estudante de 15 anos e sua professora de 37, tendo como pano de fundo a Segunda Guerra Mundial. A narrativa explora temas como o despertar sexual, a perda da inocência, o tabu social, o poder e a solidão. Sua abordagem direta e emocional de um tema difícil gerou discussões e certamente impactou os votantes da Academia pela sua ousadia e profundidade psicológica.;"A indicação ao Oscar de Melhor Filme Estrangeiro em 1996 foi o principal reconhecimento internacional, gerando um ""buzz"" significativo. Além disso, o filme ganhou o Urso de Prata (Contribuição Artística Individual para Bo Widerberg) e foi indicado ao Urso de Ouro no Festival de Berlim de 1996. No Guldbagge Awards (principal prêmio do cinema sueco), ganhou como Melhor Filme, Melhor Diretor e Melhor Ator Coadjuvante. Esses prêmios anteriores solidificaram sua reputação.";Como representante oficial da Suécia para o Oscar, o filme certamente teve uma campanha de divulgação direcionada aos membros da Academia, organizada pelo instituto de cinema sueco e/ou seus distribuidores internacionais. Detalhes específicos sobre a campanha no Brasil são escassos, mas a própria indicação sugere que a visibilidade internacional foi eficaz o suficiente para garantir a nomeação entre os cinco finalistas.;Lançado na Suécia em 1995, o filme cumpriu os critérios de elegibilidade para ser considerado para o Oscar de Melhor Filme Estrangeiro de 1996. Seu lançamento e subsequente campanha em festivais e para a Academia foram bem programados para mantê-lo relevante durante a temporada de premiações.;As atuações são um ponto forte do filme. Johan Widerberg (filho do diretor, no papel do estudante Stig) e Marika Lagercrantz (como a professora Viola) entregam performances convincentes e corajosas, explorando a complexidade e a vulnerabilidade de seus personagens em uma relação proibida. A química e a tensão entre os dois são palpáveis e cruciais para o impacto do filme. Tomas von Brömssen também foi reconhecido com o Guldbagge de Melhor Ator Coadjuvante.;;;;
124617;Dust of Life;7.5;9;8;7;9;8.5;Drama;"O filme de Rachid Bouchareb é notável por sua abordagem realista e direção que busca imergir o espectador na dura realidade dos campos de ""reeducação"" no Vietnã pós-guerra para crianças filhas de soldados americanos e mulheres vietnamitas. A cinematografia e o design de produção são eficazes em transmitir a austeridade e a opressão do ambiente. Embora talvez não com o mesmo polimento técnico de produções de grande orçamento, sua força reside na autenticidade e no olhar humanista da direção.";A narrativa é poderosa e comovente, focando na luta pela sobrevivência e pela identidade de crianças marginalizadas em um contexto histórico brutal. Aborda temas como abandono, resiliência infantil, os horrores da guerra e suas consequências, e a busca por liberdade. A história, baseada em fatos reais, tem um forte impacto emocional e relevância social ao dar voz a vítimas esquecidas.;"A indicação ao Oscar de Melhor Filme Estrangeiro foi o seu maior reconhecimento internacional, gerando o principal ""buzz"" em torno do filme. Embora não tenha acumulado uma vasta lista de prêmios em grandes festivais como outros indicados, a própria nomeação pela Academia já o colocou em um patamar de destaque global.";"Como filme representante da Argélia, ""Dust of Life"" contou com o apoio de órgãos de fomento e distribuidores para sua campanha ao Oscar. O esforço para garantir que os membros da Academia assistissem a um filme com uma temática tão específica e de uma cinematografia menos proeminente globalmente foi essencial para a nomeação. Detalhes específicos da campanha são menos documentados publicamente.";Lançado em 1995, o filme cumpriu os requisitos de elegibilidade para concorrer ao Oscar de 1996. Seu lançamento e a submissão pela Argélia foram feitos dentro do cronograma da Academia, permitindo que fosse considerado e, por fim, nomeado.;O filme se destaca pelas performances naturalistas de seu jovem elenco, muitos dos quais não eram atores profissionais. Essa escolha contribui para a autenticidade e o impacto emocional da história. As crianças transmitem com veracidade o sofrimento, a esperança e a resiliência de seus personagens. A direção de Bouchareb foi fundamental para extrair essas atuações genuínas.;;;;
37975;O Homem das Estrelas;8.5;9.0;8.0;8.0;9.0;9.0;Drama;A cinematografia de Dante Spinotti é marcante, capturando a beleza árida da Sicília pós-guerra. Utiliza a luz natural e enquadramentos expressivos para destacar a esperança e a desilusão dos personagens, criando uma atmosfera que é ao mesmo tempo realista e profundamente evocativa.;A narrativa é uma rica mistura de comédia, drama e crítica social. Explora a vulnerabilidade humana e a ilusão da fama através da jornada de um charlatão, Joe Morelli, e das vidas de camponeses sonhadores. É uma história bem construída, comovente e com um final agridoce.;O filme obteve um bom reconhecimento internacional, incluindo uma indicação ao Oscar de Melhor Filme Estrangeiro e o Grande Prêmio Especial do Júri em Veneza. Isso gerou buzz e aumentou sua visibilidade global para uma produção europeia de arte.;"""O Homem das Estrelas"" conquistou uma boa visibilidade global, impulsionada principalmente pela sua indicação ao Oscar de Melhor Filme Estrangeiro e pelo prêmio no Festival de Veneza. Esses reconhecimentos geraram um buzz importante, permitindo que o filme de Tornatore, mesmo sendo uma produção europeia de arte, alcançasse um público considerável através de sua distribuição e o boca a boca positivo.";Com alta elegibilidade para prêmios e festivais devido à reputação de Tornatore, o filme se beneficiou de um timing oportuno. Sua temática de sonhos e desilusão, ambientada na Sicília pós-guerra, ressoou bem com o público e a crítica da época.;As atuações são excelentes. Sergio Castellitto entrega uma performance magistral como Joe Morelli, equilibrando cinismo e humanidade. Tiziana Lodato é comovente em seu papel ingênuo. O elenco de apoio adiciona autenticidade e riqueza, preenchendo a tela com rostos e vozes que capturam a essência da região e do período.;;;;
;;;;;;;;;;;;;;;;;;
;O Que É Isso, Companheiro?;8.0;8.5;8.0;8.5;8.5;8.5;Drama e Suspense Político;"""O Que É Isso, Companheiro?"" é tecnicamente bem executado. A direção de Bruno Barreto é ágil e busca um ritmo de thriller, mantendo a tensão da história. O roteiro, adaptado da obra de Fernando Gabeira, tenta equilibrar a perspectiva dos sequestradores com a do embaixador, embora por vezes receba críticas por simplificar nuances políticas. As atuações são geralmente sólidas, com destaque para Alan Arkin como o embaixador e Fernanda Montenegro em um papel secundário. A cinematografia consegue recriar o clima da época, e a edição contribui para o ritmo de suspense. O design de produção e figurino são convincentes, transportando o espectador para o final dos anos 60 no Brasil.";A narrativa é baseada em um evento histórico real e altamente polêmico, o que por si só a torna impactante. O filme aborda temas como a ditadura militar no Brasil, a luta armada, o idealismo revolucionário e as consequências da violência política. Sua temática é controversa, pois revisita um período sensível da história brasileira, gerando debates sobre a memória, a justiça e a validade dos métodos de resistência. A história tenta explorar a humanidade dos personagens de ambos os lados do conflito, buscando uma complexidade que nem sempre é totalmente alcançada, mas que ainda assim ressoa por sua relevância histórica e política.;"""O Que É Isso, Companheiro?"" gerou um buzz significativo no Brasil e internacionalmente, principalmente por sua temática polêmica e por ser uma coprodução com nomes internacionais (como Alan Arkin). O filme foi indicado ao Oscar de Melhor Filme Estrangeiro em 1998, o que é o maior reconhecimento e o principal gerador de ""buzz"" para uma produção brasileira. Antes disso, teve uma recepção mista da crítica, mas sua indicação ao Oscar o colocou em evidência globalment";"A campanha de marketing para ""O Que É Isso, Companheiro?"" foi bastante ativa, especialmente impulsionada pela sua indicação ao Oscar. A distribuidora brasileira e seus parceiros internacionais focaram em destacar a relevância histórica da trama, o elenco (com nomes internacionais e brasileiros renomados) e a direção de Bruno Barreto. A controvérsia em torno do tema também serviu como um elemento de marketing, gerando discussões e curiosidade. A estratégia de ""For Your Consideration"" (FYC) visou maximizar a visibilidade junto aos votantes da Academia, enfatizando a relevância política e a qualidade da produção brasileira";O filme cumpriu todos os critérios de elegibilidade da Academia para a categoria de Melhor Filme Estrangeiro, sendo lançado em 1997 e indicado para a cerimônia de 1998. O timing foi favorável, pois, na década de 90, havia um interesse crescente em filmes que revisitassem eventos históricos e políticos controversos de diferentes partes do mundo, especialmente após o fim da Guerra Fria e a redemocratização em muitos países. A história do sequestro de um embaixador americano também tinha um apelo transnacional.;As atuações são um ponto forte do filme. Pedro Cardoso (como Fernando Gabeira/Paulo) e Selton Mello (como César) entregam performances convincentes e emocionalmente carregadas, retratando a juventude idealista e os dilemas morais. Fernanda Torres (como Maria) e Alan Arkin (como o embaixador Elbrick) também se destacam, com Arkin trazendo nuance a um papel complexo. O elenco, no geral, contribui para a imersão na intensidade dos eventos retratados.;;;;
;Caráter (Karakter);9.0;9.0;8.8;8.8;9.0;9.5;Drama;Considerado tecnicamente impecável. A direção de Mike van Diem é precisa e atmosférica, recriando a Roterdã dos anos 20 com maestria. O roteiro é denso e inteligente, explorando uma relação pai-filho complexa. A cinematografia sombria e a direção de arte são excelentes, contribuindo para o tom pesado e dramático.;Narrativa poderosa sobre a luta por identidade, ambição, destino e a influência paterna. A relação tóxica entre pai e filho é central, abordando temas universais de amor, ódio, perdão e autodescoberta. É uma história de grande profundidade psicológica e emocional.;O filme teve um forte buzz e reconhecimento na Holanda e em festivais europeus antes do Oscar. Venceu o prêmio de Melhor Filme Holandês. A complexidade de sua trama e a qualidade de sua produção o colocaram como um forte concorrente;A campanha focou na complexidade da história e na excelência das atuações e da direção. A qualidade da produção holandesa, muitas vezes subestimada, foi um ponto de destaque. A vitória no Oscar demonstra a eficácia do FYC em ressaltar os méritos artísticos do filme.;Cumpriu todos os requisitos de elegibilidade. O timing foi favorável para dramas intensos e psicologicamente complexos que ofereciam uma visão culturalmente específica, mas com apelo universal sobre relações humana;O filme é sustentado por performances magistrais. Fedja van Huêt entrega uma atuação nuanceada e poderosa como Jacob, e Jan Decleir é assombroso como Dreverhaven, o pai, criando uma dinâmica intensa e inesquecível.;;;;
;A Música e o Silêncio (Jenseits der Stille;8.5;9.0;8.0;8.0;8.5;8.8;Drama;Um filme sensível e bem dirigido, com uma cinematografia que capta a beleza dos momentos musicais e a expressividade da língua de sinais. O roteiro é emocionalmente envolvente, e a direção de Caroline Link é sutil e eficaz. A edição e o design de som são cruciais para a temática da música e do silêncio;A narrativa é tocante e universal, explorando a relação familiar, a busca pela identidade, a paixão pela arte e a superação de barreiras de comunicação. O contraste entre o mundo dos ouvintes e dos surdos é abordado com empatia, gerando profunda ressonância emocional.;"Teve um bom reconhecimento na Alemanha e em festivais internacionais. Embora não tenha tido o ""buzz"" de um grande vencedor de festival, sua temática única e a sensibilidade da história geraram uma recepção calorosa da crítica e do público.";A campanha de marketing provavelmente focou na sua natureza inspiradora e na abordagem emocional de uma história familiar única. A qualidade das atuações e a relevância da temática da inclusão foram pontos chave para o FYC;Cumpriu os requisitos de elegibilidade. O timing foi oportuno para histórias que celebravam a superação de desafios e a força dos laços familiares, um apelo frequente em categorias de filmes estrangeiros.;"Sylvie Testud é excelente no papel de Lara, mostrando a complexidade de ser uma ""ponte"" entre dois mundos. As atuações dos atores que interpretam os pais surdos também são muito expressivas e convincentes, dando autenticidade à representação da comunidade surda.";;;;
;Segredos do Coração Segredos do Coração (Secretos del corazón;8.5;8.8;8.0;7.8;8.5;8.8;Drama;Um filme visualmente belo, com uma cinematografia que evoca a atmosfera mágica e misteriosa da infância e do campo. A direção de Montxo Armendáriz é sutil e poética, criando um drama íntimo e atmosférico. O roteiro é sensível na forma como aborda a descoberta e a perda da inocência.;A narrativa é delicada e impactante, explorando temas como memória, segredos familiares, a perda da inocência e a transição da infância para a compreensão do mundo adulto. Ressoa profundamente pela sua universalidade na exploração dos mistérios da infância e das dinâmicas familiares.;"Teve um bom reconhecimento na Espanha e em festivais, sendo um dos filmes espanhóis mais aclamados do ano. Gerou um ""buzz"" como um drama sensível e bem atuado, com potencial para tocar o público.";A campanha de marketing provavelmente focou na beleza visual, na profundidade emocional e na temática da infância e dos segredos. A indicação ao Oscar aumentou significativamente sua visibilidade internacional.;Cumpriu os requisitos de elegibilidade. O timing foi favorável para dramas de amadurecimento e histórias que exploravam a psicologia infantil e os mistérios familiares, temas que frequentemente encontram ressonância em premiações.;Andoni Erburu, como o jovem Javi, entrega uma atuação natural e cativante, carregando grande parte da narrativa com sua perspectiva infantil. O elenco adulto, incluindo Carmelo Gómez, também oferece performances sólidas que complementam a inocência do protagonista.;;;;
;O Ladrão (Vor);8.5;9.0;8.0;7.8;8.5;9.0;Drama;Um filme visualmente impactante, com uma cinematografia que retrata a dureza da vida pós-guerra na Rússia. A direção de Pavel Chukhray é visceral e emocionalmente intensa, capturando a complexidade dos personagens e a atmosfera de desconfiança. O roteiro é bem construído, equilibrando drama e suspense.;A narrativa é uma história de amadurecimento e sobrevivência em um período conturbado. Explora temas como a inocência perdida, a busca por uma figura paterna, a natureza do bem e do mal, e o legado da guerra e da criminalidade na Rússia. É uma história que ressoa por sua crueza e humanidade.;"O filme teve um bom reconhecimento em festivais europeus e na Rússia, sendo aclamado pela crítica por sua direção forte e atuações intensas. Sua indicação ao Oscar gerou um ""buzz"" significativo, chamando a atenção para o cinema russo da época.";A campanha de marketing provavelmente focou na intensidade dramática da história, na recriação do período pós-guerra e nas performances do elenco. A indicação ao Oscar foi a principal ferramenta de visibilidade para o público internacional.;Cumpriu os requisitos de elegibilidade. O timing foi favorável para dramas históricos que abordavam o impacto da guerra e as complexidades sociais em países do leste europeu, oferecendo uma perspectiva humana sobre um período de transição.;Vladimir Mashkov entrega uma atuação carismática e ambígua como Tolyan, equilibrando o charme e a crueldade do personagem. Misha Philipchuk, como o menino Sanya, é notável em sua performance infantil, transmitindo a vulnerabilidade e a resiliência. Ekaterina Rednikova também é muito boa como Katya.;;;;
;;;;;;;;;;;;;;;;;;
;"""Central do Brasil"" (1998)";9.8;9.8;10;9.5;9.5;10;Drama;Alta qualidade técnica e artística. Direção sensível de Walter Salles. Roteiro emocionante e socialmente autêntico. Cinematografia poética de Walter Carvalho e edição fluida elevam a obra.;Narrativa universal e profundamente impactante sobre solidão, esperança e laços humanos. A jornada de Dora e Josué aborda o analfabetismo e a dignidade do povo nordestino com sensibilidade e grande ressonância emocional.;"Gerou massivo ""buzz"" e reconhecimento internacional. Venceu o Urso de Ouro no Festival de Berlim (1998) e o Urso de Prata para Fernanda Montenegro, impulsionando-o como forte candidato ao Oscar.";"ampanha bem-sucedida, capitalizando o sucesso em Berlim e a universalidade da história. A distribuidora MiraMax investiu em exibições e lobby, usando a figura de Fernanda Montenegro e a força da narrativa para o ""For Your Consideration"".";Cumpriu todos os requisitos de elegibilidade. O timing foi perfeito, aproveitando o crescente interesse por narrativas humanas de diferentes culturas, com um apelo transnacional na temporada de premiações.;Atuações de excelência máxima. Fernanda Montenegro entrega uma performance lendária como Dora (indicada ao Oscar de Melhor Atriz). Vinícius de Oliveira é surpreendente e cativante como Josué. A química entre os dois é autêntica e comovente.;;;;
;A Vida é Bela (La vita è bella);9.5;9.8;10;9.5;10;10;Drama e Comédia;Direção magistral de Benigni, que equilibra comédia e tragédia de forma ousada. Roteiro inovador e profundamente comovente. Cinematografia e trilha sonora memoráveis. Feito técnico e artístico.;Narrativa universal e extremamente impactante sobre amor paternal, esperança e inocência em meio ao horror. Abordagem inovadora do Holocausto gerou forte ressonância emocional e debate.;Grande buzz e aclamação global. Venceu o Grande Prêmio do Júri em Cannes (1998) e outros prêmios, criando um impulso imparável antes do Oscar.;Campanha agressiva e bem-sucedida, capitalizando o sucesso de Cannes e o carisma de Benigni. Presença ativa em eventos e publicidade direcionada aumentaram drasticamente a visibilidade.;Cumpriu todos os requisitos. O timing foi perfeito, oferecendo uma nova perspectiva sobre o Holocausto e capitalizando a popularidade de Benigni, culminando em 7 indicações e 3 vitórias no Oscar.;Roberto Benigni entrega uma performance extraordinária, combinando humor e tragédia de forma genial, o que lhe rendeu o Oscar de Melhor Ator. O elenco de apoio também é excelente.;;;;
;O Avô (El abuelo);8.5;8.8;8.0;7.8;8.5;9.5;Drama;Drama de época elegantemente dirigido, com cinematografia que evoca a Espanha do século XIX. Roteiro baseado em obra clássica. Direção e design de produção competentes e autênticos.;Narrativa profunda sobre honra familiar, decadência aristocrática, busca por identidade e verdade. Explora dilemas morais e complexidade das relações familiares, refletindo a Espanha em transição.;Bom reconhecimento na Espanha como um dos destaques do cinema espanhol do ano. Bem recebido pela crítica europeia e apreciadores de dramas de época.;Campanha focada na excelência da atuação de Fernando Fernán Gómez e na qualidade da adaptação clássica. A indicação ao Oscar impulsionou significativamente sua visibilidade internacional.;Cumpriu requisitos de elegibilidade. O timing foi favorável para dramas de época com forte atuação e temática universal sobre família e legado, valorizados pela Academia.;ernando Fernán Gómez entrega uma performance monumental e central como Don Rodrigo, transmitindo sua dignidade, dor e obstinação de forma poderosa e marcante.;;;;
;Filhos do Céu (Bacheha-ye âsmân);9.0;9.5;8.5;8.0;9.0;9.5;Drama;Obra-prima de sensibilidade e minimalismo. Direção sutil e profundamente humana. Cinematografia delicada e expressiva. Roteiro tocante e universal em sua simplicidade.;Narrativa incrivelmente impactante em sua simplicidade, explorando inocência infantil, amor fraterno, pobreza e perseverança. Ressoa profundamente pela sua universalidade, mostrando dignidade e beleza em pequenos gestos.;Grande aclamação em festivais internacionais e no Irã, colocando o cinema iraniano em destaque. Queridinho da crítica especializada e entusiastas de cinema de arte. Indicação ao Oscar foi um feito notável.;"Campanha focada na universalidade e no apelo emocional da história, bem como na pureza das performances infantis. A visibilidade foi impulsionada por sua reputação de filme ""para a família"" e críticas entusiasmadas.";Cumpriu requisitos de elegibilidade. O timing foi favorável para dramas humanistas que ofereciam uma janela para culturas diferentes, mas com mensagens universais e acessíveis, apelando aos votantes.;As atuações infantis de Mir Farrokh Hashemian (Ali) e Bahare Seddiqi (Zahra) são sublimes e autênticas. Transmitem pureza, preocupação e determinação com naturalidade impressionante, carregando a emoção do filme.;;;;
;;;;;;;;;;;;;;;;;;
;"O Menino e o Mundo"" (2013)";9.8;9.5;9.0;8.5;9.0;9.5;Animação / Drama;O filme é uma obra-prima de excelência visual e narrativa. A animação é inovadora e deslumbrante, utilizando técnicas e estilos variados que conferem uma estética única e expressiva. A direção de Alê Abreu é visionária, criando um universo rico em simbolismo e emoção sem a necessidade de diálogos claros. A trilha sonora é fundamental e excepcional, integrando-se perfeitamente à narrativa visual. O design de produção e a edição são primorosos, contribuindo para uma experiência sensorial completa.;A narrativa é profundamente impactante e universal, contada de forma poética e não-verbal. A jornada do menino Cuca, que deixa o campo e se aventura por um mundo industrializado e desigual, explora temas como a globalização, o impacto ambiental, a exploração do trabalho, a pobreza e a busca por um lugar no mundo. O filme conecta-se com a experiência humana através da inocência infantil e da crítica social, ressoando profundamente em qualquer cultura.;"""O Menino e o Mundo"" gerou um buzz e reconhecimento significativos antes do Oscar. Foi premiado em diversos festivais internacionais de prestígio, incluindo o Annecy International Animated Film Festival (Melhor Filme e Prêmio do Público), que é um dos mais importantes do mundo para a animação. Essa aclamação global pavimentou o caminho para sua indicação ao Oscar, chamando a atenção da crítica especializada.";"Para um filme de animação independente e estrangeiro, a campanha de marketing foi notável. A visibilidade foi impulsionada pela recepção calorosa em festivais e pela sua indicação ao Oscar, que por si só atrai atenção da mídia. Os esforços de ""For Your Consideration"" provavelmente focaram na sua originalidade artística, na relevância de sua mensagem e na sua capacidade de transcender barreiras linguísticas.";O filme cumpriu os requisitos de elegibilidade da Academia, sendo lançado em 2013 e concorrendo na cerimônia de 2016. O timing foi oportuno, pois o Oscar de Animação estava se abrindo para filmes mais independentes e com estilos visuais distintos. A temática social e ambiental também estava em alta, conferindo-lhe relevância contemporânea.;"Como um filme quase sem diálogos, a ""atuação"" se manifesta principalmente através da expressividade visual dos personagens e da trilha sonora. O design do menino Cuca e dos demais personagens é incrivelmente eficaz em transmitir emoções e a narrativa visual. A trilha sonora age como uma ""voz"" poderosa, comunicando sentimentos e impulsionando a história de forma brilhante.";;;;
;Divertida Mente (Inside Out);10;10;10;9.8;9.8;9.8;Animação / Comédia Dramática.;Animação visualmente espetacular (Pixar/Disney). Roteiro original, inteligente e profundamente emocional. Direção habilidosa, edição precisa e trilha sonora memorável. Primor técnico e artístico.; Narrativa altamente original e universal, explorando a psicologia e a complexidade das emoções na transição da infância. A temática de aceitar a tristeza ressoa profundamente com todos os públicos.;Grande buzz e aclamação global desde o lançamento. Sucesso de crítica e bilheteria, com inúmeros prêmios antes do Oscar. Favorito incontestável da categoria.;"Campanha massiva da Disney/Pixar, vasta distribuição e publicidade. Fenômeno cultural, garantiu máxima visibilidade e ""For Your Consideration"", reforçando seu status de favorito.";Cumpriu todos os requisitos. Timing perfeito, unindo entretenimento de massa com profundidade e inteligência, qualidades muito apreciadas pela Academia em animações.;Dublagem excelente, capturando a personalidade de cada emoção. Expressividade visual sublime dos personagens, transmitindo vasta gama de sentimentos de forma clara e impactante.;;;;
;Anomalisa - EUA;9.0;9.0;8.8;8.5;8.8;9.0;Animação / Drama.;Obra original e artisticamente ousada, com stop-motion meticuloso. Direção primorosa na atmosfera de solidão. Roteiro introspectivo e existencial, abordagem única e experimental.;Narrativa profunda sobre condição humana, solidão, tédio existencial e busca por conexão. Temática madura e provocadora, ressoando com quem busca complexidade da psique humana.;Buzz significativo em festivais independentes. Venceu o Grande Prêmio do Júri no Festival de Veneza (2015), garantindo reconhecimento crítico e radar para o Oscar.;Campanha focou em originalidade, stop-motion e Kaufman. Boa visibilidade para animação adulta independente, com Veneza e Oscar impulsionando.;Cumpriu requisitos. Timing favorável para Academia que, ocasionalmente, reconhece animações artísticas e adultas que desafiam as convenções do gênero.;Performances vocais sutis e cruciais. Expressividade dos bonecos em stop-motion fundamental para comunicar emoções e singularidade;;;;
;Shaun, o Carneiro: O Filme (Shaun the Sheep Movie);8.8;8.5;8.0;8.0;8.8;9.0;Animação / Comédia;Animação em stop-motion de excelência, com humor visual e criatividade. Direção engenhosa sem diálogos. Design de personagens cativante e trilha sonora que complementa o tom cômico e aventuresco;Narrativa divertida e acessível, aventura e amizade. Explora liberdade e trabalho em equipe de forma leve. Universalidade na comédia física e linguagem visual, transcende barreiras linguísticas.;Bom buzz internacional, especialmente entre fãs da Aardman. Aclamado pela crítica por humor e engenhosidade. Sucesso de bilheteria moderado.;Campanha focada na popularidade do personagem e humor sem diálogos. Indicação ao Oscar aumentou visibilidade, posicionando-o como alternativa de animação de alta qualidade.;Cumpriu requisitos. Timing favorável para filmes de animação alternativos, com estilo distinto e apelo universal, demonstrando diversidade do gênero.;"Quase sem diálogos, a ""atuação"" é visual. Expressividade fantástica dos personagens em stop-motion, transmitindo humor e emoção. Design de som e trilha sonora cruciais.";;;;
;As Memórias de Marnie (Omoide no Marnie);9.0;9.0;8.5;8.2;8.8;9.0;Animação / Drama / Mistério;Animação visualmente deslumbrante do Studio Ghibli (qualidade de animação à mão). Direção delicada e atmosférica. Roteiro sensível e introspectivo. Trilha sonora bela e evocativa.;Drama tocante sobre amizade, solidão, busca por aceitação e descoberta da própria história. Explora isolamento e conexão de forma profunda e poética, ressoando pela sensibilidade e mistério.;Bom reconhecimento no Japão e entre fãs do Studio Ghibli. Aclamado pela crítica por beleza e profundidade emocional, embora não um sucesso de bilheteria massivo.;Campanha focada na reputação do Studio Ghibli e beleza visual. Indicação ao Oscar aumentou visibilidade, apresentando animação de arte japonesa de alta qualidade.;Cumpriu requisitos. Timing favorável para animações melancólicas e introspectivas, em contraste com as comerciais, mostrando amplitude de estilos no gênero.;Performances de voz (japonesa original) sutis e expressivas. Animação dos personagens rica em detalhes, transmitindo emoções através de expressões e linguagem corporal, fundamental para a profundidade da história.;;;;
;;;;;;;;;;;;;;;;;;
;"""Ainda Estou Aqui"" (2024)";9.0;9.5;8.8;8.5;9.0;9.5;Drama e Drama Histórico;O filme apresenta uma excelência cinematográfica notável, com a assinatura reconhecível de Walter Salles. A direção é sensível e precisa na adaptação da complexa narrativa do livro. O roteiro, co-escrito por Salles e Daniela Thomas, aborda a história real de uma família brasileira afetada pela ditadura militar. A cinematografia busca a autenticidade e a emoção, e o design de produção recria o período com atenção aos detalhes. As atuações (vide tópico 6) são um pilar central da qualidade percebida.;A narrativa é profundamente impactante e de grande relevância histórica e social para o Brasil. Baseada na história real da ativista Eunice Paiva e sua busca por seu marido desaparecido político, o filme aborda temas como a ditadura militar, os direitos humanos, a memória, a resiliência familiar, a perda e a luta por justiça. Sua capacidade de humanizar um período sombrio da história brasileira e conectar-se com experiências universais de resistência e amor confere-lhe grande impacto.;"""Ainda Estou Aqui"" já está gerando um ""buzz"" considerável no Brasil e internacionalmente, principalmente após sua seleção como representante brasileiro ao Oscar. O filme teve sua estreia mundial no Festival de Cinema de Veneza, onde foi bem recebido e ganhou o Prêmio SIGNIS. Essa participação em um festival de prestígio e a aclamação inicial criam um impulso positivo, fundamental para a visibilidade na corrida do Oscar.";"A campanha de marketing, que ainda está em seus estágios iniciais, será impulsionada pela escolha para o Oscar e pela reputação de Walter Salles e do elenco. A visibilidade será maximizada através de exibições estratégicas e publicidade focada na relevância histórica e na força das atuações. A história de superação e a presença de nomes renomados do cinema brasileiro serão pontos cruciais para o ""For Your Consideration"" junto aos votantes.";O filme cumpre os requisitos de elegibilidade da Academia, sendo lançado em 2024 (e/ou dentro da janela de qualificação para o Oscar 2025). O timing é altamente oportuno, pois a temática dos direitos humanos, da memória histórica e da democracia ressoa fortemente em um cenário global de discussões sobre regimes autoritários e liberdade. A história é relevante e atual para o contexto político-social brasileiro e internacional.;As atuações são um dos maiores trunfos do filme. Fernanda Montenegro e Fernanda Torres, mãe e filha na vida real, entregam performances poderosas que carregam a emoção da narrativa. Fernanda Montenegro, em particular, deve ter uma atuação marcante na pele de Eunice Paiva, mostrando a resiliência e a dor de uma mãe e esposa. O elenco de apoio também contribui para a autenticidade e a profundidade dramática.;;;;
;"""The Girl With The Needle"" (2024)";8.8;9.2;9.0;8.5;9.0;9.0;Drama e Drama Histórico / Crime;Estética visual impactante e sombria. Direção corajosa de Magnus von Horn ao explorar tema perturbador. Roteiro denso com complexidade moral. Cinematografia e design de produção contribuem para o tom de pesadelo e recriação de época.;Narrativa extremamente impactante e perturbadora, baseada em fatos reais. Aborda temas universais de pobreza extrema, desespero feminino, infanticídio e moralidade. Sua abordagem sem concessões gera profunda reflexão sobre condições sociais.;"Gerou buzz significativo por ter sido selecionado para a Competição Oficial do Festival de Cannes 2024. A simples seleção em um festival de prestígio garante visibilidade global e um buzz de ""filme de arte desafiador"".";Campanha se beneficiará da seleção em Cannes e da escolha oficial para o Oscar. Visibilidade focará na natureza sombria e provocadora da história, excelência visual e performances. FYC enfatizará a coragem em abordar tema difícil;Cumpriu requisitos de elegibilidade (estreia em Cannes 2024, janela Oscar 2025). Timing favorável para filmes que abordam realidades históricas duras e temas de direitos humanos/sociais com intensidade dramática.;Atuações cruciais para a intensidade do filme. Vic Carmen Sonne (Karoline) entrega performance visceral. Trine Dyrholm (Dagmar Overbye) é elogiada por sua interpretação arrepiante e complexa, ancorando a atmosfera sombria.;;;;
;"Emilia Pérez"" (2024) - França";9.5;9.3;9.8;9.2;9.5;9.8;Musical / Comédia / Drama / Crime;"Emilia Pérez"" é uma obra cinematográfica ousada e inovadora, que mistura gêneros de forma única (musical, crime, comédia, drama). A direção de Jacques Audiard é elogiada por sua audácia e habilidade em equilibrar os diferentes tons. O roteiro é original e ambicioso, abordando temas complexos de forma acessível e, por vezes, surpreendente. A direção de arte e figurino são vibrantes, e a trilha sonora original com músicas cativantes (de Clément Ducol e Camille, com letras de Audiard) é um elemento central que eleva o filme.";A narrativa é altamente original e impactante, explorando temas complexos como identidade de gênero (transição), redenção, maternidade/paternidade, crime organizado, amor e a busca por autenticidade. A ousadia de contar uma história sobre um chefe de cartel trans em formato de musical já a torna única. O filme ressoa por sua abordagem humanista de personagens inesperados e a exploração de transformações pessoais e sociais.;O filme gerou um buzz extraordinário e um reconhecimento imediato após sua estreia no Festival de Cannes 2024, onde conquistou o Prêmio do Júri. Além disso, o elenco feminino (Karla Sofía Gascón, Selena Gomez, Zoe Saldaña e Adriana Paz) ganhou o prêmio de Melhor Atriz (reconhecimento coletivo), com particular destaque para Gascón. Esse forte desempenho em Cannes o posiciona como um dos principais filmes a serem observados na corrida do Oscar.;"A campanha de marketing será extremamente beneficiada pelo sucesso de Cannes e pela singularidade do filme. A visibilidade será impulsionada por sua natureza de musical, sua temática relevante (transgênero), o elenco conhecido (Selena Gomez, Zoe Saldaña) e a reputação de Jacques Audiard. O foco do ""For Your Consideration"" será a inovação do filme, as performances premiadas e a sua capacidade de surpreender e emocionar.";O filme cumpre os requisitos de elegibilidade da Academia, tendo estreado em Cannes 2024 e sendo lançado dentro da janela de qualificação para o Oscar 2025. O timing é excepcional, pois a Academia tem demonstrado interesse em filmes que desafiam formatos, abordam temáticas sociais relevantes (como questões LGBTQIA+ e inclusão) e são criativamente ousados.;As atuações são um dos maiores triunfos do filme e foram reconhecidas em Cannes. Karla Sofía Gascón entrega uma performance transformadora e corajosa no papel principal, sendo amplamente elogiada. Zoe Saldaña e Selena Gomez também surpreendem e brilham em papéis complexos, demonstrando versatilidade em um formato musical. A química do elenco e a intensidade das performances são fundamentais para o impacto do filme.;;;;
;"The Seed of the Sacred Fig"" (2024) - Alemanha";9.2;9.7;10;9.5;9.8;9.0;;O filme é um exemplo poderoso de cinema político e social. A direção de Mohammad Rasoulof é tensa, claustrofóbica e corajosa, refletindo a opressão e a paranoia do regime iraniano. O roteiro é afiado e alegórico, usando a dinâmica familiar para espelhar a sociedade. A cinematografia contribui para o clima de suspense e desconfiança, e o design de som e a edição são eficazes em construir a atmosfera sufocante. A qualidade técnica é notável dada a natureza clandestina da produção.;A narrativa é extremamente impactante e de urgência política, abordando a repressão e a ditadura na sociedade iraniana através da micro-esfera familiar. Temas como autoritarismo, justiça, corrupção, paranoia, direitos das mulheres, dissidência, verdade e mentira são explorados com intensidade. A história ressoa universalmente como um alerta sobre os perigos da tirania e a quebra de confiança nas relações humanas sob pressão extrema.;"O filme gerou um buzz global sem precedentes devido à situação pessoal de seu diretor, Mohammad Rasoulof, que fugiu do Irã pouco antes da estreia para evitar a prisão e chicotadas. Sua apresentação na Competição Oficial do Festival de Cannes 2024 e a conquista do Prêmio Especial do Júri solidificaram seu reconhecimento. O contexto político e a qualidade artística garantiram um ""buzz"" significativo e posicionaram-no como um forte candidato ao Oscar.";"A campanha de marketing será imensamente impulsionada pela história do diretor e pela escolha da Alemanha como representante ao Oscar. A visibilidade será maximizada pela relevância política e pelos prêmios em Cannes. Os esforços de ""For Your Consideration"" focarão na coragem da produção, na mensagem crucial sobre direitos humanos e na urgência da narrativa, elementos de forte apelo aos votantes da Academia.";O filme cumpre os requisitos de elegibilidade da Academia (estreia em Cannes 2024, janela Oscar 2025) e, sendo uma coprodução com a Alemanha, pode representá-la. O timing é extraordinariamente oportuno, dado o contexto geopolítico atual e a atenção global para a repressão no Irã. Filmes com fortes mensagens políticas e de direitos humanos, especialmente vindos de contextos desafiadores, frequentemente encontram ressonância na Academia.;As atuações são contidas, mas profundamente eficazes em transmitir a tensão e a paranoia. Mohammad Rasoulof (como Imã), apesar de estar atrás das câmeras, consegue extrair performances convincentes de seu elenco. Os atores (muitos cujos nomes não foram inicialmente divulgados para protegê-los) entregam uma naturalidade que intensifica o realismo da situação familiar, com destaque para as atrizes que interpretam as filhas e a esposa, transmitindo o sufoco e a quebra de confiança.;;;;
;"""Flow"" (2024)";9.3;9.0;9.5;8.8;9.0;9.2;;"""Flow"" é uma obra de excelência visual e técnica na animação. A direção de Gints Zilbalodis é impressionante, criando um mundo aquático pós-apocalíptico com uma estética minimalista, mas altamente evocativa. A cinematografia digital e o design de personagens (o gato protagonista é especialmente expressivo) são muito elogiados. A trilha sonora, composta pelo próprio diretor, é um elemento crucial que dita o tom e a emoção do filme, compensando a ausência de diálogos e elevando a experiência.";A narrativa, contada de forma quase inteiramente visual e sem diálogos, é profundamente impactante e universal. Explora temas como sobrevivência, resiliência, a necessidade de cooperação em tempos de crise, a relação do ser humano (ou animal) com a natureza, a solidão e a busca por conexão. O filme ressoa por sua capacidade de transmitir emoções complexas e uma mensagem poderosa sobre adaptação e coexistência em um cenário de catástrofe global.;"O filme gerou um ""buzz"" significativo e um reconhecimento notável desde sua estreia. Foi selecionado para a seção Un Certain Regard no Festival de Cannes 2024, um selo de prestígio. Mais impressionante ainda, venceu o Prêmio do Júri no Festival Internacional de Cinema de Animação de Annecy 2024, um dos mais importantes festivais de animação do mundo. Essa dupla aclamação em festivais de alto nível o posiciona como um forte competidor.";"A campanha de marketing se beneficiará enormemente das distinções em Cannes e Annecy, e da escolha da Letônia para o Oscar. A visibilidade será impulsionada por sua originalidade como uma animação quase sem diálogos e por sua relevância temática. Os esforços de ""For Your Consideration"" focarão na sua qualidade artística, na inovação de sua narrativa visual e na universalidade de sua mensagem, elementos que tendem a atrair os votantes da Academia.";O filme cumpriu os requisitos de elegibilidade da Academia, tendo estreado em Cannes 2024 e sendo lançado dentro da janela de qualificação para o Oscar 2025. O timing é favorável, pois a Academia tem demonstrado uma abertura crescente para animações de diferentes estilos e origens, que exploram temáticas complexas de forma não convencional. Filmes sobre meio ambiente ou sobrevivência também têm tido apelo.;"Como um filme quase sem diálogos, a ""atuação"" é transmitida predominantemente pela expressividade visual dos personagens e pela trilha sonora. O design do gato protagonista e dos outros animais é incrivelmente eficaz em comunicar emoções, reações e a evolução de seus relacionamentos. A animação sutil de seus movimentos e expressões é a chave para a profundidade emocional do filme.";;;;
